dr,projectile_type,rate_of_fire,reload_time,shots_per_salvo
16,"""shuriken""",0.20,2.12,5
18,"""shuriken""",0.20,1.88,5
22,"""shuriken""",0.20,1.38,5
24,"""shuriken""",0.20,1.12,5
29,"""shuriken""",0.20,0.50,5
13,"""shuriken""",0.20,2.50,5
14,"""shuriken""",0.20,2.38,5
16,"""shuriken""",0.20,2.12,5
18,"""shuriken""",0.20,1.88,5
24,"""shuriken""",0.20,1.12,5
25,"""shuriken""",0.20,1.00,5
26,"""shuriken""",0.20,0.88,5
29,"""shuriken""",0.20,0.50,5
10,"""shuriken""",0.20,1.50,5
12,"""shuriken""",0.20,1.00,5
14,"""shuriken""",0.20,0.50,5
6,"""shuriken""",0.20,2.50,5
