dr,projectile_type,rate_of_fire,reload_time,shots_per_salvo
13,"""shuriken""",0.20,2.50,5
18,"""shuriken""",0.20,1.88,5
19,"""shuriken""",0.20,1.75,5
27,"""shuriken""",0.20,0.75,5
13,"""shuriken""",0.20,2.50,5
14,"""shuriken""",0.20,2.38,5
16,"""shuriken""",0.20,2.12,5
18,"""shuriken""",0.20,1.88,5
22,"""shuriken""",0.20,1.38,5
25,"""shuriken""",0.20,1.00,5
27,"""shuriken""",0.20,0.75,5
28,"""shuriken""",0.20,0.62,5
10,"""shuriken""",0.20,1.50,5
12,"""shuriken""",0.20,1.00,5
6,"""shuriken""",0.20,2.50,5
