dr,projectile_type,rate_of_fire,reload_time,shots_per_salvo
15,"""shuriken""",0.20,2.25,5
16,"""shuriken""",0.20,2.12,5
17,"""shuriken""",0.20,2.00,5
19,"""shuriken""",0.20,1.75,5
20,"""shuriken""",0.20,1.62,5
24,"""shuriken""",0.20,1.12,5
13,"""shuriken""",0.20,2.50,5
15,"""shuriken""",0.20,2.25,5
17,"""shuriken""",0.20,2.00,5
19,"""shuriken""",0.20,1.75,5
21,"""shuriken""",0.20,1.50,5
23,"""shuriken""",0.20,1.25,5
12,"""shuriken""",0.20,1.00,5
6,"""shuriken""",0.20,2.50,5
7,"""shuriken""",0.20,2.25,5
8,"""shuriken""",0.20,2.00,5
