dr,projectile,rate_of_fire,reload_time,shots,waves
372,"""projectile.mirvball.laser.hard.withmuzzle""",0.50,2.31,20,1
373,"""projectile.mirvball.laser.hard.withmuzzle""",0.50,2.30,20,1
382,"""projectile.mirvball.laser.hard.withmuzzle""",0.50,2.20,20,1
384,"""projectile.mirvball.laser.hard.withmuzzle""",0.50,2.18,20,1
385,"""projectile.mirvball.laser.hard.withmuzzle""",0.50,2.17,20,1
399,"""projectile.mirvball.laser.hard.withmuzzle""",0.50,2.01,20,1
400,"""projectile.mirvball.laser.hard.withmuzzle""",0.50,2.00,20,1
