dr,projectile_type,rate_of_fire,reload_time,shots_per_salvo
13,"""shuriken""",0.20,2.50,5
14,"""shuriken""",0.20,2.38,5
15,"""shuriken""",0.20,2.25,5
16,"""shuriken""",0.20,2.12,5
18,"""shuriken""",0.20,1.88,5
20,"""shuriken""",0.20,1.62,5
22,"""shuriken""",0.20,1.38,5
24,"""shuriken""",0.20,1.12,5
27,"""shuriken""",0.20,0.75,5
29,"""shuriken""",0.20,0.50,5
13,"""shuriken""",0.20,0.75,5
14,"""shuriken""",0.20,0.50,5
6,"""shuriken""",0.20,2.50,5
7,"""shuriken""",0.20,2.25,5
8,"""shuriken""",0.20,2.00,5
