dr,projectile_type,rate_of_fire,reload_time,shots_per_salvo
14,"""shuriken""",0.20,2.38,5
15,"""shuriken""",0.20,2.25,5
21,"""shuriken""",0.20,1.50,5
24,"""shuriken""",0.20,1.12,5
26,"""shuriken""",0.20,0.88,5
27,"""shuriken""",0.20,0.75,5
28,"""shuriken""",0.20,0.62,5
13,"""shuriken""",0.20,2.50,5
14,"""shuriken""",0.20,2.38,5
15,"""shuriken""",0.20,2.25,5
16,"""shuriken""",0.20,2.12,5
17,"""shuriken""",0.20,2.00,5
23,"""shuriken""",0.20,1.25,5
24,"""shuriken""",0.20,1.12,5
26,"""shuriken""",0.20,0.88,5
28,"""shuriken""",0.20,0.62,5
25,"""shuriken""",0.20,1.00,5
26,"""shuriken""",0.20,0.88,5
13,"""shuriken""",0.20,0.75,5
6,"""shuriken""",0.20,2.50,5
