dr,projectile,rate_of_fire,reload_time,shots,waves
279,"""projectile.mirvball.laser.hard.withmuzzle""",0.50,3.36,20,1
280,"""projectile.mirvball.laser.hard.withmuzzle""",0.50,3.35,20,1
373,"""projectile.mirvball.laser.hard.withmuzzle""",0.50,2.30,20,1
387,"""projectile.mirvball.laser.hard.withmuzzle""",0.50,2.15,20,1
400,"""projectile.mirvball.laser.hard.withmuzzle""",0.50,2.00,20,1
389,"""projectile.mirvball.laser.hard.withmuzzle""",0.50,2.12,20,1
400,"""projectile.mirvball.laser.hard.withmuzzle""",0.50,2.00,20,1
