dr,projectile_type,rate_of_fire,reload_time,shots_per_salvo
14,"""shuriken""",0.20,2.38,5
15,"""shuriken""",0.20,2.25,5
16,"""shuriken""",0.20,2.12,5
19,"""shuriken""",0.20,1.75,5
15,"""shuriken""",0.20,2.25,5
16,"""shuriken""",0.20,2.12,5
18,"""shuriken""",0.20,1.88,5
19,"""shuriken""",0.20,1.75,5
20,"""shuriken""",0.20,1.62,5
21,"""shuriken""",0.20,1.50,5
24,"""shuriken""",0.20,1.12,5
25,"""shuriken""",0.20,1.00,5
28,"""shuriken""",0.20,0.62,5
29,"""shuriken""",0.20,0.50,5
10,"""shuriken""",0.20,1.50,5
11,"""shuriken""",0.20,1.25,5
12,"""shuriken""",0.20,1.00,5
13,"""shuriken""",0.20,0.75,5
